id,nom,departement,groupe_ad,derniere_connexion,machine,cve,severite,patch_disponible,score_brut,score_risque,niveau_risque
48,Anthony Reyes,RH,Admins_Domaine,2026-03-14,PC-0048,CVE-2025-60883,Critique,False,14,8.2,Critique
65,Dana Wilson,Sécurité,Admins_Serveurs,2026-05-03,PC-0065,CVE-2025-70875,Critique,False,14,8.2,Critique
12,Edward Williams,Marketing,Accès_Serveurs_Bancaires,2026-04-21,PC-0012,CVE-2025-54645,Critique,False,14,8.2,Critique
45,Darryl Martin,Sécurité,Admins_Serveurs,2026-08-03,PC-0045,CVE-2025-42165,Critique,False,12,7.1,Élevé
144,Eric Taylor,Marketing,Admins_Domaine,2026-04-24,PC-0144,CVE-2025-47033,Critique,True,12,7.1,Élevé
97,Matthew Clayton,Marketing,Admins_Domaine,2026-06-15,PC-0097,CVE-2025-98920,Critique,False,12,7.1,Élevé
157,Amanda Marquez,Finance,Admins_Domaine,2026-04-07,PC-0157,CVE-2025-31547,Élevée,False,12,7.1,Élevé
193,Brent Abbott,Finance,Accès_Serveurs_Bancaires,2026-03-03,PC-0193,CVE-2025-41669,Critique,True,12,7.1,Élevé
88,Duane Mckay,Opérations,Admins_Domaine,2026-05-01,PC-0088,CVE-2025-33781,Élevée,True,10,5.9,Élevé
189,Brandy Rivera,Marketing,Accès_Serveurs_Bancaires,2026-06-17,PC-0189,CVE-2025-79353,Critique,True,10,5.9,Élevé
38,Anthony Johnson,Juridique,Admins_Domaine,2026-06-03,PC-0038,CVE-2025-34965,Critique,True,10,5.9,Élevé
116,Ronald Estrada,RH,Admins_Domaine,2026-08-04,PC-0116,CVE-2025-10126,Élevée,False,10,5.9,Élevé
42,Christine Price,Juridique,Admins_Serveurs,2026-02-21,PC-0042,CVE-2025-70945,Élevée,True,10,5.9,Élevé
21,Victoria Smith,Marketing,Accès_Serveurs_Bancaires,2026-05-26,PC-0021,CVE-2025-94468,Critique,True,10,5.9,Élevé
106,Jennifer Adams,IT,Accès_Serveurs_Bancaires,2026-03-09,PC-0106,CVE-2025-44143,Élevée,False,9,5.3,Élevé
187,Maria Miller,Finance,Accès_Comptabilité,2026-05-18,PC-0187,CVE-2025-39893,Critique,False,9,5.3,Élevé
71,Benjamin Stephenson,IT,Admins_Domaine,2026-07-09,PC-0071,CVE-2025-99417,Critique,False,9,5.3,Élevé
66,Suzanne Sanders,IT,Admins_Domaine,2026-03-12,PC-0066,CVE-2025-78119,Élevée,False,9,5.3,Élevé
79,Jared Ruiz,Marketing,Admins_Domaine,2026-05-17,PC-0079,CVE-2025-10989,Faible,False,9,5.3,Élevé
94,Kyle Nelson,Sécurité,Accès_Comptabilité,2026-04-02,PC-0094,CVE-2025-11511,Critique,False,9,5.3,Élevé
177,Rebecca Griffin,RH,Accès_Serveurs_Bancaires,2026-07-21,PC-0177,CVE-2025-86723,Élevée,True,8,4.7,Moyen
61,John Duffy,Juridique,Admins_Serveurs,2026-06-05,PC-0061,CVE-2025-40334,Élevée,True,8,4.7,Moyen
53,Hannah Small,Juridique,Admins_Domaine,2026-05-12,PC-0053,,,,7,4.1,Moyen
146,Cynthia Turner,Marketing,Admins_Domaine,2026-08-11,PC-0146,CVE-2025-19621,Faible,False,7,4.1,Moyen
90,David Brown,Juridique,Accès_RH,2026-07-30,PC-0090,CVE-2025-23277,Critique,False,7,4.1,Moyen
92,Cathy Brooks,Marketing,Accès_Serveurs_Bancaires,2026-03-12,PC-0092,,,,7,4.1,Moyen
47,Daniel Farmer,Finance,Accès_Comptabilité,2026-04-17,PC-0047,CVE-2025-26932,Élevée,False,7,4.1,Moyen
49,Amber Scott,Sécurité,Accès_Comptabilité,2026-04-25,PC-0049,CVE-2025-82835,Élevée,False,7,4.1,Moyen
142,Matthew Andrews,Opérations,Admins_Serveurs,2026-03-06,PC-0142,CVE-2025-72623,Moyenne,True,7,4.1,Moyen
103,Valerie Henderson,Marketing,Admins_Serveurs,2026-04-07,PC-0103,CVE-2025-75569,Faible,True,7,4.1,Moyen
108,Daniel Rodriguez,Sécurité,Admins_Domaine,2026-03-05,PC-0108,CVE-2025-40101,Élevée,True,7,4.1,Moyen
118,Abigail Warner,Marketing,Admins_Serveurs,2026-03-06,PC-0118,,,,7,4.1,Moyen
117,Don Brown,Marketing,Accès_Standard,2026-07-18,PC-0117,CVE-2025-35487,Critique,False,7,4.1,Moyen
69,Brian Robinson,Marketing,Admins_Domaine,2026-04-06,PC-0069,,,,7,4.1,Moyen
62,Dr. Tara Nelson,Sécurité,Accès_Comptabilité,2026-05-28,PC-0062,CVE-2025-29660,Critique,False,7,4.1,Moyen
113,Lisa Jordan,Sécurité,Accès_RH,2026-04-07,PC-0113,CVE-2025-39302,Critique,True,7,4.1,Moyen
64,Larry Miller,Marketing,Accès_Serveurs_Bancaires,2026-02-19,PC-0064,,,,7,4.1,Moyen
72,Christina Sanchez,Sécurité,Admins_Domaine,2026-07-25,PC-0072,CVE-2025-58414,Critique,True,7,4.1,Moyen
112,Cassandra Bailey,IT,Admins_Serveurs,2026-03-10,PC-0112,CVE-2025-80866,Élevée,True,7,4.1,Moyen
109,Linda Mitchell,RH,Accès_Serveurs_Bancaires,2026-07-24,PC-0109,CVE-2025-20409,Faible,False,7,4.1,Moyen
85,Erica Long,Finance,Admins_Serveurs,2026-03-26,PC-0085,,,,7,4.1,Moyen
101,Amy Williams,Juridique,Accès_Serveurs_Bancaires,2026-03-28,PC-0101,,,,7,4.1,Moyen
168,George Woods,Marketing,Accès_Serveurs_Bancaires,2026-04-10,PC-0168,,,,7,4.1,Moyen
160,Andrew Mason,RH,Admins_Serveurs,2026-04-12,PC-0160,,,,7,4.1,Moyen
4,Scott Ward,RH,Accès_Serveurs_Bancaires,2026-05-19,PC-0004,,,,7,4.1,Moyen
196,Shelby Jones,Opérations,Accès_Serveurs_Bancaires,2026-07-25,PC-0196,CVE-2025-25279,Élevée,False,7,4.1,Moyen
7,Melissa Mcdaniel,Marketing,Admins_Domaine,2026-04-10,PC-0007,,,,7,4.1,Moyen
9,Jamie Butler,Juridique,Admins_Serveurs,2026-03-12,PC-0009,,,,7,4.1,Moyen
190,Alexander Baker,Marketing,Admins_Domaine,2026-04-27,PC-0190,,,,7,4.1,Moyen
16,Courtney Chan,RH,Accès_Serveurs_Bancaires,2026-05-08,PC-0016,,,,7,4.1,Moyen
176,Terri Grant,Juridique,Admins_Serveurs,2026-04-21,PC-0176,,,,7,4.1,Moyen
172,Robert Turner,RH,Accès_Serveurs_Bancaires,2026-04-25,PC-0172,,,,7,4.1,Moyen
169,Kathryn Knight,Juridique,Accès_Serveurs_Bancaires,2026-03-02,PC-0169,,,,7,4.1,Moyen
150,William House,RH,Admins_Serveurs,2026-03-24,PC-0150,,,,7,4.1,Moyen
27,Jessica Downs,Juridique,Admins_Domaine,2026-04-01,PC-0027,,,,7,4.1,Moyen
163,Erin Taylor,Juridique,Admins_Domaine,2026-03-26,PC-0163,,,,7,4.1,Moyen
147,Cheryl Schmidt,RH,Accès_Serveurs_Bancaires,2026-04-18,PC-0147,CVE-2025-86997,Faible,True,7,4.1,Moyen
152,Vicki Hernandez,Marketing,Admins_Serveurs,2026-02-19,PC-0152,,,,7,4.1,Moyen
36,Paul Bolton,Sécurité,Admins_Domaine,2026-04-29,PC-0036,CVE-2025-29728,Élevée,True,7,4.1,Moyen
166,Elizabeth Daniels,IT,Admins_Serveurs,2026-03-03,PC-0166,CVE-2025-90128,Faible,False,6,3.5,Moyen
120,Jennifer Miller,Finance,Admins_Serveurs,2026-08-16,PC-0120,,,,5,2.9,Moyen
194,Stacey Adams,Finance,Admins_Serveurs,2026-05-30,PC-0194,,,,5,2.9,Moyen
89,Patricia Tate,Marketing,Admins_Serveurs,2026-06-02,PC-0089,,,,5,2.9,Moyen
198,John Roberts,Juridique,Admins_Serveurs,2026-08-08,PC-0198,,,,5,2.9,Moyen
91,Mike Brady,Finance,Admins_Domaine,2026-05-22,PC-0091,,,,5,2.9,Moyen
151,Veronica Anderson,Juridique,Admins_Serveurs,2026-06-29,PC-0151,,,,5,2.9,Moyen
197,Carlos Johnson,Finance,Admins_Serveurs,2026-06-04,PC-0197,,,,5,2.9,Moyen
98,Mark Jones,Opérations,Admins_Serveurs,2026-05-28,PC-0098,,,,5,2.9,Moyen
100,Molly Howard,Opérations,Admins_Domaine,2026-08-16,PC-0100,,,,5,2.9,Moyen
195,Joe Spencer,Marketing,Accès_Serveurs_Bancaires,2026-05-29,PC-0195,CVE-2025-75079,Moyenne,True,5,2.9,Moyen
153,Audrey Clark,Marketing,Accès_Standard,2026-07-16,PC-0153,CVE-2025-75134,Critique,True,5,2.9,Moyen
154,Kimberly Greene,Finance,Accès_RH,2026-06-22,PC-0154,CVE-2025-10794,Critique,True,5,2.9,Moyen
123,Michael Jones,Finance,Admins_Serveurs,2026-08-13,PC-0123,,,,5,2.9,Moyen
188,Tina Reid,Opérations,Admins_Domaine,2026-08-03,PC-0188,,,,5,2.9,Moyen
155,Bonnie Cooper,IT,Accès_Standard,2026-06-03,PC-0155,CVE-2025-48156,Critique,True,5,2.9,Moyen
182,Troy Jones,Marketing,Accès_Comptabilité,2026-04-15,PC-0182,CVE-2025-19166,Élevée,True,5,2.9,Moyen
136,Stephanie Lewis,Finance,Admins_Domaine,2026-07-05,PC-0136,,,,5,2.9,Moyen
132,Susan Evans,Juridique,Accès_Serveurs_Bancaires,2026-07-21,PC-0132,,,,5,2.9,Moyen
159,Ian Burns,RH,Admins_Domaine,2026-06-10,PC-0159,,,,5,2.9,Moyen
131,Marc Alexander,Juridique,Accès_Serveurs_Bancaires,2026-05-26,PC-0131,,,,5,2.9,Moyen
167,David Martinez,Opérations,Accès_Serveurs_Bancaires,2026-05-31,PC-0167,CVE-2025-26436,Élevée,True,5,2.9,Moyen
125,Steven Cantu,Juridique,Accès_Serveurs_Bancaires,2026-06-30,PC-0125,,,,5,2.9,Moyen
165,Reginald Clayton,Juridique,Admins_Serveurs,2026-07-10,PC-0165,,,,5,2.9,Moyen
148,Alexander Rodriguez,Opérations,Admins_Domaine,2026-07-03,PC-0148,,,,5,2.9,Moyen
1,John Tran,Opérations,Admins_Serveurs,2026-06-10,PC-0001,,,,5,2.9,Moyen
58,Ashley Davenport,Juridique,Admins_Serveurs,2026-07-05,PC-0058,,,,5,2.9,Moyen
24,Benjamin Barajas,Opérations,Admins_Serveurs,2026-05-28,PC-0024,CVE-2025-91070,Moyenne,True,5,2.9,Moyen
70,Steven Macias,Finance,Admins_Serveurs,2026-05-29,PC-0070,CVE-2025-35524,Moyenne,True,5,2.9,Moyen
83,Kimberly Solis,Marketing,Accès_Serveurs_Bancaires,2026-06-06,PC-0083,,,,5,2.9,Moyen
3,Anthony Norman,Opérations,Admins_Domaine,2026-06-27,PC-0003,CVE-2025-72929,Faible,True,5,2.9,Moyen
5,April Carey,RH,Admins_Serveurs,2026-06-13,PC-0005,,,,5,2.9,Moyen
80,Heather Bell,Marketing,Accès_Serveurs_Bancaires,2026-06-15,PC-0080,,,,5,2.9,Moyen
6,Todd Spencer,Juridique,Accès_Serveurs_Bancaires,2026-07-23,PC-0006,,,,5,2.9,Moyen
51,Robert Schroeder,Finance,Admins_Serveurs,2026-05-30,PC-0051,,,,5,2.9,Moyen
11,Bradley Stewart,RH,Accès_Serveurs_Bancaires,2026-06-01,PC-0011,,,,5,2.9,Moyen
35,James Walker,Sécurité,Accès_RH,2026-02-21,PC-0035,CVE-2025-86866,Élevée,True,5,2.9,Moyen
37,Jeremy Silva,Opérations,Admins_Serveurs,2026-07-13,PC-0037,,,,5,2.9,Moyen
15,Richard Finley,Marketing,Admins_Serveurs,2026-06-22,PC-0015,,,,5,2.9,Moyen
55,Diana Barnett,RH,Accès_Comptabilité,2026-03-22,PC-0055,CVE-2025-43767,Élevée,True,5,2.9,Moyen
56,Julie Larson,IT,Accès_Standard,2026-03-14,PC-0056,CVE-2025-23750,Élevée,True,5,2.9,Moyen
139,Jorge Fernandez,IT,Admins_Serveurs,2026-04-27,PC-0139,,,,4,2.4,Moyen
54,Erica Wilcox,Marketing,Accès_Standard,2026-04-04,PC-0054,CVE-2025-11922,Faible,False,4,2.4,Moyen
115,William Stone,Sécurité,Accès_Serveurs_Bancaires,2026-03-10,PC-0115,,,,4,2.4,Moyen
28,Adrian Hoffman,Finance,Accès_RH,2026-05-03,PC-0028,CVE-2025-21229,Moyenne,False,4,2.4,Moyen
110,Justin Hayes,Sécurité,Admins_Domaine,2026-04-26,PC-0110,,,,4,2.4,Moyen
161,Carol Mcguire,Marketing,Accès_Comptabilité,2026-02-19,PC-0161,CVE-2025-66772,Faible,False,4,2.4,Moyen
30,Andrew Cole,Sécurité,Admins_Domaine,2026-05-15,PC-0030,,,,4,2.4,Moyen
31,Elizabeth Welch,Juridique,Accès_RH,2026-03-02,PC-0031,CVE-2025-73559,Faible,False,4,2.4,Moyen
22,Levi Moore,Sécurité,Accès_Serveurs_Bancaires,2026-04-24,PC-0022,,,,4,2.4,Moyen
156,Justin Valdez,Sécurité,Admins_Domaine,2026-04-24,PC-0156,,,,4,2.4,Moyen
183,Louis Tanner,Sécurité,Accès_Serveurs_Bancaires,2026-02-25,PC-0183,CVE-2025-58897,Moyenne,True,4,2.4,Moyen
44,Karen Banks,Finance,Accès_Standard,2026-03-23,PC-0044,CVE-2025-21563,Faible,False,4,2.4,Moyen
76,Michelle Sullivan,IT,Admins_Domaine,2026-03-21,PC-0076,,,,4,2.4,Moyen
192,Barry Nunez,Juridique,Accès_RH,2026-04-07,PC-0192,CVE-2025-20044,Moyenne,False,4,2.4,Moyen
34,Kathryn Nguyen,IT,Admins_Serveurs,2026-07-15,PC-0034,,,,2,1.2,Faible
40,Samantha Reynolds,Juridique,Accès_RH,2026-05-20,PC-0040,,,,2,1.2,Faible
33,Peter Knapp,RH,Accès_Standard,2026-03-02,PC-0033,,,,2,1.2,Faible
43,Shannon Watkins,Marketing,Accès_RH,2026-05-03,PC-0043,,,,2,1.2,Faible
145,Aaron West,Opérations,Accès_Serveurs_Bancaires,2026-07-18,PC-0145,,,,2,1.2,Faible
46,Paul Morales,Opérations,Accès_RH,2026-04-11,PC-0046,,,,2,1.2,Faible
87,Michael Smith,IT,Accès_Comptabilité,2026-04-04,PC-0087,,,,2,1.2,Faible
86,Tony Smith,RH,Accès_Standard,2026-06-02,PC-0086,CVE-2025-75443,Faible,False,2,1.2,Faible
171,Michael Brown,Finance,Accès_RH,2026-04-13,PC-0171,,,,2,1.2,Faible
32,Michael Bowers,Juridique,Accès_Standard,2026-03-21,PC-0032,,,,2,1.2,Faible
29,Rebecca Adams,Sécurité,Accès_RH,2026-03-04,PC-0029,,,,2,1.2,Faible
26,James Morrow,RH,Accès_Standard,2026-02-21,PC-0026,,,,2,1.2,Faible
174,Jamie Moreno,Juridique,Accès_RH,2026-03-29,PC-0174,,,,2,1.2,Faible
178,Jeremy Pittman,Marketing,Accès_Comptabilité,2026-04-24,PC-0178,,,,2,1.2,Faible
179,Emily Rojas,Opérations,Accès_Comptabilité,2026-03-24,PC-0179,,,,2,1.2,Faible
180,Christina Dorsey,Sécurité,Accès_Standard,2026-04-15,PC-0180,,,,2,1.2,Faible
181,John Montgomery,Finance,Accès_RH,2026-07-08,PC-0181,CVE-2025-84043,Faible,False,2,1.2,Faible
184,Rachel Stephens,Sécurité,Accès_Serveurs_Bancaires,2026-07-22,PC-0184,,,,2,1.2,Faible
186,Patricia Robinson,Sécurité,Accès_Standard,2026-03-06,PC-0186,,,,2,1.2,Faible
17,Sara Lucero,Opérations,Accès_Standard,2026-05-15,PC-0017,CVE-2025-80523,Moyenne,True,2,1.2,Faible
13,Melissa Rice,RH,Accès_RH,2026-04-16,PC-0013,,,,2,1.2,Faible
8,Sean Young,Opérations,Accès_Comptabilité,2026-03-31,PC-0008,,,,2,1.2,Faible
199,Carmen Horne,Sécurité,Accès_Serveurs_Bancaires,2026-06-08,PC-0199,,,,2,1.2,Faible
141,Karen Pittman,Finance,Accès_Comptabilité,2026-04-13,PC-0141,,,,2,1.2,Faible
143,Bobby Frost,Marketing,Accès_Comptabilité,2026-04-24,PC-0143,,,,2,1.2,Faible
77,Jonathan Hicks,Sécurité,Accès_Standard,2026-03-31,PC-0077,,,,2,1.2,Faible
129,Lauren Smith,Opérations,Accès_Comptabilité,2026-03-24,PC-0129,,,,2,1.2,Faible
75,William Thompson MD,RH,Accès_Comptabilité,2026-02-21,PC-0075,,,,2,1.2,Faible
59,Sarah Medina,RH,Accès_RH,2026-03-25,PC-0059,,,,2,1.2,Faible
119,Melissa Wright,Sécurité,Accès_Serveurs_Bancaires,2026-06-24,PC-0119,,,,2,1.2,Faible
57,Jeremiah Henry,Juridique,Accès_Standard,2026-07-19,PC-0057,CVE-2025-71426,Moyenne,False,2,1.2,Faible
121,Heather Silva,Opérations,Accès_Serveurs_Bancaires,2026-06-29,PC-0121,,,,2,1.2,Faible
124,Nathan Lewis,Sécurité,Accès_Comptabilité,2026-03-16,PC-0124,,,,2,1.2,Faible
104,Dustin Brown,RH,Accès_RH,2026-05-13,PC-0104,,,,2,1.2,Faible
127,Jennifer Porter,Sécurité,Accès_Serveurs_Bancaires,2026-07-04,PC-0127,,,,2,1.2,Faible
2,Carolyn Richard,Marketing,Accès_RH,2026-03-11,PC-0002,,,,2,1.2,Faible
128,George Garza,Juridique,Accès_RH,2026-03-01,PC-0128,,,,2,1.2,Faible
95,Christine Rogers,IT,Accès_Serveurs_Bancaires,2026-06-24,PC-0095,,,,2,1.2,Faible
130,Catherine Johnston,IT,Accès_Serveurs_Bancaires,2026-08-15,PC-0130,,,,2,1.2,Faible
105,William Ramirez,Sécurité,Accès_RH,2026-03-05,PC-0105,,,,2,1.2,Faible
68,Timothy Howard,Sécurité,Accès_Standard,2026-04-03,PC-0068,,,,2,1.2,Faible
93,David Rhodes,IT,Accès_Comptabilité,2026-02-20,PC-0093,,,,2,1.2,Faible
133,Melissa Long,IT,Accès_Comptabilité,2026-05-05,PC-0133,CVE-2025-23823,Moyenne,True,2,1.2,Faible
81,Kevin Chavez,Sécurité,Accès_RH,2026-04-30,PC-0081,,,,2,1.2,Faible
135,Mr. David Johnston DVM,Finance,Accès_Standard,2026-02-23,PC-0135,,,,2,1.2,Faible
84,Ashley Ruiz,RH,Accès_Standard,2026-03-27,PC-0084,,,,2,1.2,Faible
114,Nicole Campbell,IT,Admins_Serveurs,2026-05-25,PC-0114,,,,2,1.2,Faible
18,Natalie Pugh,Finance,Accès_RH,2026-06-12,PC-0018,,,,0,0.0,Faible
74,Grace Foster,RH,Accès_RH,2026-05-27,PC-0074,,,,0,0.0,Faible
102,Terry Solomon,Opérations,Accès_Standard,2026-08-09,PC-0102,,,,0,0.0,Faible
73,David Obrien,IT,Accès_Standard,2026-07-13,PC-0073,,,,0,0.0,Faible
185,Megan Gordon,Finance,Accès_Comptabilité,2026-06-24,PC-0185,,,,0,0.0,Faible
140,Robert Espinoza,Opérations,Accès_Standard,2026-07-21,PC-0140,,,,0,0.0,Faible
99,Kevin Bradley,Opérations,Accès_Comptabilité,2026-06-20,PC-0099,,,,0,0.0,Faible
14,Annette Mccormick,Juridique,Accès_Standard,2026-06-09,PC-0014,,,,0,0.0,Faible
19,Ashley Flores,RH,Accès_Comptabilité,2026-06-12,PC-0019,,,,0,0.0,Faible
191,Erika Lopez,Juridique,Accès_Standard,2026-06-10,PC-0191,,,,0,0.0,Faible
96,George Cabrera,RH,Accès_RH,2026-05-26,PC-0096,,,,0,0.0,Faible
10,Roger Kim,Opérations,Accès_Standard,2026-08-14,PC-0010,,,,0,0.0,Faible
78,Eric Cantrell,Juridique,Accès_Standard,2026-06-11,PC-0078,,,,0,0.0,Faible
82,Anna Davidson,IT,Accès_RH,2026-07-24,PC-0082,,,,0,0.0,Faible
107,Joseph Davis,Opérations,Accès_Comptabilité,2026-06-07,PC-0107,,,,0,0.0,Faible
170,Erica Hall,Opérations,Accès_Standard,2026-05-27,PC-0170,,,,0,0.0,Faible
20,Jerry Obrien MD,IT,Accès_Comptabilité,2026-07-28,PC-0020,,,,0,0.0,Faible
158,Faith Castillo,Sécurité,Accès_Standard,2026-07-14,PC-0158,,,,0,0.0,Faible
50,Brenda Young,IT,Accès_RH,2026-07-23,PC-0050,,,,0,0.0,Faible
137,Jennifer Howard,Opérations,Accès_Comptabilité,2026-06-21,PC-0137,,,,0,0.0,Faible
134,Kendra Zamora,Marketing,Accès_RH,2026-06-27,PC-0134,,,,0,0.0,Faible
52,Megan Romero,Finance,Accès_Comptabilité,2026-07-04,PC-0052,,,,0,0.0,Faible
41,David Burke,Opérations,Accès_RH,2026-06-23,PC-0041,,,,0,0.0,Faible
149,Justin Sanders,Sécurité,Accès_Comptabilité,2026-07-25,PC-0149,,,,0,0.0,Faible
39,Sue Chang,Opérations,Accès_Standard,2026-07-09,PC-0039,,,,0,0.0,Faible
126,Daniel Cervantes,Finance,Accès_Comptabilité,2026-07-27,PC-0126,,,,0,0.0,Faible
122,Robert Romero,RH,Accès_RH,2026-07-01,PC-0122,,,,0,0.0,Faible
162,Charles Davis,Opérations,Accès_RH,2026-07-31,PC-0162,,,,0,0.0,Faible
175,Jason Bonilla,Marketing,Accès_Comptabilité,2026-07-13,PC-0175,,,,0,0.0,Faible
164,Jennifer Thomas,Opérations,Accès_RH,2026-06-28,PC-0164,,,,0,0.0,Faible
60,Mrs. Kimberly Johnson,IT,Accès_Comptabilité,2026-08-14,PC-0060,,,,0,0.0,Faible
25,John Hernandez,Finance,Accès_Comptabilité,2026-07-05,PC-0025,,,,0,0.0,Faible
63,Andrew Hebert,IT,Accès_RH,2026-07-12,PC-0063,,,,0,0.0,Faible
23,Joshua Baker,IT,Accès_Comptabilité,2026-06-08,PC-0023,,,,0,0.0,Faible
138,Theresa Patterson,Sécurité,Accès_RH,2026-07-16,PC-0138,,,,0,0.0,Faible
67,Rodney Jackson,Opérations,Accès_Comptabilité,2026-06-29,PC-0067,,,,0,0.0,Faible
111,Carrie Stephenson MD,Opérations,Accès_Comptabilité,2026-08-16,PC-0111,CVE-2025-30901,Faible,True,0,0.0,Faible
173,Elizabeth Reid,RH,Accès_Standard,2026-08-11,PC-0173,,,,0,0.0,Faible
200,Jamie Perez,Sécurité,Accès_RH,2026-07-17,PC-0200,,,,0,0.0,Faible
